{
  "arrow-down": {
    "width": 24,
    "height": 24,
    "path": "M12 5V19M12 19L19 12M12 19L5 12"
  },
  "arrow-left": {
    "width": 24,
    "height": 24,
    "path": "M12 19L5 12M5 12L12 5M5 12H19"
  },
  "arrow-right": {
    "width": 24,
    "height": 24,
    "path": "M5 12H19M19 12L12 5M19 12L12 19"
  },
  "arrow-up": {
    "width": 24,
    "height": 24,
    "path": "M5 12L12 5M12 5L19 12M12 5V19"
  },
  "ban": {
    "width": 24,
    "height": 24,
    "path": "M4.9 4.9L19.1 19.1M22 12C22 17.5228 17.5228 22 12 22C6.47715 22 2 17.5228 2 12C2 6.47715 6.47715 2 12 2C17.5228 2 22 6.47715 22 12Z"
  },
  "bell-ring": {
    "width": 24,
    "height": 24,
    "path": "M10.268 21C10.4435 21.304 10.696 21.5565 11 21.732C11.3041 21.9075 11.6489 21.9999 12 21.9999C12.3511 21.9999 12.6959 21.9075 13 21.732C13.304 21.5565 13.5565 21.304 13.732 21 M22 8C22 5.7 21.2 3.7 20 2L22 8Z M3.262 15.326C3.13136 15.4692 3.04515 15.6472 3.01386 15.8385C2.98256 16.0298 3.00752 16.226 3.08571 16.4034C3.16389 16.5807 3.29194 16.7316 3.45426 16.8375C3.61658 16.9434 3.80618 16.9999 4 17H20C20.1938 17.0001 20.3834 16.9438 20.5459 16.8381C20.7083 16.7324 20.8365 16.5817 20.9149 16.4045C20.9933 16.2273 21.0185 16.0311 20.9874 15.8398C20.9564 15.6485 20.8704 15.4703 20.74 15.327C19.41 13.956 18 12.499 18 8C18 6.4087 17.3679 4.88258 16.2426 3.75736C15.1174 2.63214 13.5913 2 12 2C10.4087 2 8.88258 2.63214 7.75736 3.75736C6.63214 4.88258 6 6.4087 6 8C6 12.499 4.589 13.956 3.262 15.326Z M4 2C2.8 3.7 2 5.7 2 8L4 2Z M10.268 21C10.4435 21.304 10.696 21.5565 11 21.732C11.3041 21.9075 11.6489 21.9999 12 21.9999C12.3511 21.9999 12.6959 21.9075 13 21.732C13.304 21.5565 13.5565 21.304 13.732 21M22 8C22 5.7 21.2 3.7 20 2M4 2C2.8 3.7 2 5.7 2 8M3.262 15.326C3.13136 15.4692 3.04515 15.6472 3.01386 15.8385C2.98256 16.0298 3.00752 16.226 3.08571 16.4034C3.16389 16.5807 3.29194 16.7316 3.45426 16.8375C3.61658 16.9434 3.80618 16.9999 4 17H20C20.1938 17.0001 20.3834 16.9438 20.5459 16.8381C20.7083 16.7324 20.8365 16.5817 20.9149 16.4045C20.9933 16.2273 21.0185 16.0311 20.9874 15.8398C20.9564 15.6485 20.8704 15.4703 20.74 15.327C19.41 13.956 18 12.499 18 8C18 6.4087 17.3679 4.88258 16.2426 3.75736C15.1174 2.63214 13.5913 2 12 2C10.4087 2 8.88258 2.63214 7.75736 3.75736C6.63214 4.88258 6 6.4087 6 8C6 12.499 4.589 13.956 3.262 15.326Z"
  },
  "check": {
    "width": 24,
    "height": 24,
    "path": "M20 6L9 17L4 12"
  },
  "chevron-down": {
    "width": 24,
    "height": 24,
    "path": "M6 9L12 15L18 9"
  },
  "chevron-left": {
    "width": 24,
    "height": 24,
    "path": "M15 18L9 12L15 6"
  },
  "chevron-right": {
    "width": 24,
    "height": 24,
    "path": "M9 18L15 12L9 6"
  },
  "chevron-up": {
    "width": 24,
    "height": 24,
    "path": "M18 15L12 9L6 15"
  },
  "cloud-upload": {
    "width": 24,
    "height": 24,
    "path": "M12.0003 13V21M12.0003 13L8.00034 17M12.0003 13L16.0003 17M4.00034 14.899C3.25738 14.1399 2.69691 13.2217 2.36137 12.214C2.02584 11.2062 1.92405 10.1353 2.0637 9.08232C2.20335 8.02938 2.5808 7.02202 3.16743 6.13655C3.75407 5.25109 4.53452 4.51074 5.44967 3.97157C6.36482 3.43241 7.39067 3.10857 8.44951 3.0246C9.50835 2.94062 10.5724 3.09871 11.5611 3.48688C12.5498 3.87505 13.4372 4.48313 14.1561 5.26506C14.8749 6.04698 15.4065 6.98225 15.7103 8.00002H17.5003C18.4659 7.99991 19.4058 8.31034 20.1813 8.88546C20.9569 9.46058 21.5269 10.2699 21.8071 11.1938C22.0874 12.1178 22.063 13.1074 21.7377 14.0164C21.4123 14.9254 20.8032 15.7057 20.0003 16.242"
  },
  "coffee": {
    "width": 24,
    "height": 24,
    "path": "M10 2V4M14 2V4M16 8C16.2652 8 16.5196 8.10536 16.7071 8.29289C16.8946 8.48043 17 8.73478 17 9V17C17 18.0609 16.5786 19.0783 15.8284 19.8284C15.0783 20.5786 14.0609 21 13 21H7C5.93913 21 4.92172 20.5786 4.17157 19.8284C3.42143 19.0783 3 18.0609 3 17V9C3 8.73478 3.10536 8.48043 3.29289 8.29289C3.48043 8.10536 3.73478 8 4 8H18C19.0609 8 20.0783 8.42143 20.8284 9.17157C21.5786 9.92172 22 10.9391 22 12C22 13.0609 21.5786 14.0783 20.8284 14.8284C20.0783 15.5786 19.0609 16 18 16H17M6 2V4"
  },
  "dices": {
    "width": 24,
    "height": 24,
    "path": "M17.92 14.0001L21.42 10.5001C21.791 10.0885 21.9964 9.55413 21.9964 9.00005C21.9964 8.44597 21.791 7.91156 21.42 7.50005L16.42 2.58005C16.0085 2.20902 15.4741 2.00366 14.92 2.00366C14.3659 2.00366 13.8315 2.20902 13.42 2.58005L10 6.00005M6 18.0001H6.01M10 14.0001H10.01M15 6.00005H15.01M18 9.00005H18.01M4 10.0001H12C13.1046 10.0001 14 10.8955 14 12.0001V20.0001C14 21.1046 13.1046 22.0001 12 22.0001H4C2.89543 22.0001 2 21.1046 2 20.0001V12.0001C2 10.8955 2.89543 10.0001 4 10.0001Z"
  },
  "file-text": {
    "width": 24,
    "height": 24,
    "path": "M14 2V6C14 6.53043 14.2107 7.03914 14.5858 7.41421C14.9609 7.78929 15.4696 8 16 8H20M10 9H8M16 13H8M16 17H8M15 2H6C5.46957 2 4.96086 2.21071 4.58579 2.58579C4.21071 2.96086 4 3.46957 4 4V20C4 20.5304 4.21071 21.0391 4.58579 21.4142C4.96086 21.7893 5.46957 22 6 22H18C18.5304 22 19.0391 21.7893 19.4142 21.4142C19.7893 21.0391 20 20.5304 20 20V7L15 2Z"
  },
  "flag": {
    "width": 24,
    "height": 24,
    "path": "M4 22V4C4 3.84475 4.03614 3.69164 4.10557 3.55279C4.175 3.41393 4.2758 3.29315 4.4 3.2C5.43858 2.42107 6.70178 2 8 2C11 2 13 4 15.333 4C16.6663 4 17.6887 3.73333 18.4 3.2C18.5486 3.08857 18.7252 3.02072 18.9102 3.00404C19.0952 2.98736 19.2811 3.02252 19.4472 3.10557C19.6133 3.18863 19.753 3.31629 19.8507 3.47427C19.9483 3.63224 20 3.81429 20 4V14C20 14.1552 19.9639 14.3084 19.8944 14.4472C19.825 14.5861 19.7242 14.7069 19.6 14.8C18.5614 15.5789 17.2982 16 16 16C13 16 11 14 8 14C6.52412 14 5.10002 14.544 4 15.528"
  },
  "funnel": {
    "width": 24,
    "height": 24,
    "path": "M9.99964 20C9.99955 20.1858 10.0512 20.368 10.1489 20.5261C10.2466 20.6842 10.3864 20.8119 10.5526 20.895L12.5526 21.895C12.7051 21.9712 12.8746 22.0072 13.0449 21.9994C13.2152 21.9917 13.3807 21.9406 13.5257 21.8509C13.6707 21.7613 13.7903 21.636 13.8733 21.4871C13.9562 21.3381 13.9997 21.1705 13.9996 21V14C13.9999 13.5044 14.1841 13.0265 14.5166 12.659L21.7396 4.67C21.8691 4.52656 21.9542 4.34868 21.9847 4.15788C22.0152 3.96708 21.9898 3.77153 21.9115 3.59487C21.8333 3.41822 21.7055 3.26802 21.5436 3.16245C21.3818 3.05688 21.1929 3.00046 20.9996 3H2.99964C2.80625 3.00007 2.61702 3.05622 2.45489 3.16164C2.29276 3.26706 2.16467 3.41723 2.08614 3.59396C2.00762 3.7707 1.98203 3.96641 2.01246 4.15739C2.0429 4.34837 2.12807 4.52643 2.25764 4.67L9.48264 12.659C9.81518 13.0265 9.99942 13.5044 9.99964 14V20Z"
  },
  "globe": {
    "width": 24,
    "height": 24,
    "path": "M22 12C22 17.5228 17.5228 22 12 22M22 12C22 6.47715 17.5228 2 12 2M22 12H2M12 22C6.47715 22 2 17.5228 2 12M12 22C9.43223 19.3038 8 15.7233 8 12C8 8.27674 9.43223 4.69615 12 2M12 22C14.5678 19.3038 16 15.7233 16 12C16 8.27674 14.5678 4.69615 12 2M2 12C2 6.47715 6.47715 2 12 2"
  },
  "house": {
    "width": 24,
    "height": 24,
    "path": "M3.18579 9.15768C3.06333 9.42159 2.99993 9.70904 3 9.99997V19C3 19.5304 3.21071 20.0391 3.58579 20.4142C3.96086 20.7893 4.46957 21 5 21H8V12C8 11.7348 8.10536 11.4804 8.29289 11.2929C8.48043 11.1053 8.73478 11 9 11H15C15.2652 11 15.5196 11.1053 15.7071 11.2929C15.8946 11.4804 16 11.7348 16 12V21H19C19.5304 21 20.0391 20.7893 20.4142 20.4142C20.7893 20.0391 21 19.5304 21 19V9.99997C21.0001 9.70904 20.9367 9.42159 20.8142 9.15768C20.6918 8.89378 20.5132 8.65976 20.291 8.47197L13.291 2.47297C12.93 2.16788 12.4726 2.00049 12 2.00049C11.5274 2.00049 11.07 2.16788 10.709 2.47297L3.709 8.47197C3.4868 8.65976 3.30824 8.89378 3.18579 9.15768Z"
  },
  "image": {
    "width": 24,
    "height": 24,
    "path": "M21 15L17.914 11.914C17.5389 11.5391 17.0303 11.3284 16.5 11.3284C15.9697 11.3284 15.4611 11.5391 15.086 11.914L6 21M5 3H19C20.1046 3 21 3.89543 21 5V19C21 20.1046 20.1046 21 19 21H5C3.89543 21 3 20.1046 3 19V5C3 3.89543 3.89543 3 5 3ZM11 9C11 10.1046 10.1046 11 9 11C7.89543 11 7 10.1046 7 9C7 7.89543 7.89543 7 9 7C10.1046 7 11 7.89543 11 9Z"
  },
  "kakaotalk": {
    "width": 24,